id,birthdate
$$$ Jim $$$,1970-01-01
$limChang,1970-01-01
$wift,1970-01-01
*Zen,1970-01-01
+HOPE+,2000-06-01
.jpg,1970-01-01
007,1970-01-01
0mart,1970-01-01
100 Grand,1970-01-01
10QuidShoes,1970-01-01
2Framez,1970-01-01
2ManyCooks,1995-12-15
2saint,1998-04-12
4%,1990-12-24
404Cray,1970-01-01
42nd,1995-06-22
4tilt,1970-01-01
686M,1970-01-01
6WX,1994-04-30
8BitMan,1970-01-01
8Mitsuki,1970-01-01
9B,1970-01-01
A Rookie,1970-01-01
ADHD,1993-01-06
AEMehr,1970-01-01
AIR,1970-01-01
ALP,1996-07-07
ANTi,1994-03-11
ARC,1988-07-01
ARMY,1996-03-13
AT LOWES,1970-01-01
ATATA,1970-01-01
AZ,1970-01-01
Aamer,1997-08-11
Aaron,1998-05-07
Aaron,1970-01-01
Aarvark,1970-01-01
Abadango,1993-08-23
Abate,1989-03-17
AbsentPage,1996-08-25
Ace,1987-11-20
Achilles,1990-01-11
Acke,1970-01-01
Adachi,1970-01-01
Adam,1970-01-01
Adenine,1999-10-30
Adidi,1970-01-01
Admiral,1970-01-01
Adom,1992-04-14
Advo,1970-01-01
Aephage,1994-07-13
Aero,1970-01-01
AeroLink,1970-01-01
Aether,1970-01-01
Afro Smash,1970-01-01
Agito,1970-01-01
Aglet,1970-01-01
Aidan,1970-01-01
Aiken,1970-01-01
Aikota,1970-01-01
Aion,1970-01-01
Aisengobay,1985-06-25
Akakikusu,1970-01-01
Akashic,1970-01-01
Aki,1970-01-01
Aklo,1970-01-01
Akuex,1970-01-01
Alain,1970-01-01
Alan,1970-01-01
AlanDiss,1970-01-01
Albert,1970-01-01
AleX,2003-06-09
Alex19,1970-01-01
Ally,1991-02-04
Alox,1970-01-01
Alpha Dash,1970-01-01
Alphicans,1992-10-23
"Alter, digga",1970-01-01
Alukard,1970-01-01
Alvin,1987-01-15
American Bowser,1970-01-01
Amida,1970-01-01
Amiin,1970-01-01
Amsah,1986-12-23
AnDy,1970-01-01
Anaky,1970-01-01
Anathema,1970-01-01
Ander,1970-01-01
AndresFn,1970-01-01
Andrik,1970-01-01
Android,1970-01-01
Android 0,1970-01-01
Andykins,1970-01-01
Andymosity,1970-01-01
Ang,1970-01-01
Angbad,1970-01-01
Angel Cortes,1994-12-04
Animal,1970-01-01
Aniolas,1970-01-01
Anonymous Moniker,1970-01-01
Anragon,1970-01-01
Anson Leung,1970-01-01
Antheia,1970-01-01
Anther,1970-01-01
Anthony,1970-01-01
Antireflex,1993-12-06
Antvibe8,1995-08-13
Aolego,1970-01-01
Aperture,1970-01-01
Aphro,1970-01-01
ApolloKage,1970-01-01
ApologyMan,1970-01-01
Aposl,1970-01-01
Arch,1970-01-01
Ares,1970-01-01
Arika,1970-01-01
Armada,1993-03-28
Armades,1970-01-01
Armando,1970-01-01
Arsenals,1970-01-01
Arte,1970-01-01
Arty,1970-01-01
Asidyx,1970-01-01
Askeflink,1970-01-01
Asotil,1970-01-01
Atelier,1970-01-01
Athena,1970-01-01
Atlas,1970-01-01
Atomsk,1992-01-28
Aura,1970-01-01
AvengerAngel,1970-01-01
Awestin,1970-01-01
Axarth,1970-01-01
Axe,1991-04-07
Axiom XL,1970-01-01
Ayataka,1970-01-01
Aza,1970-01-01
Azel,1970-01-01
Azen,1986-12-20
Azrael,1970-01-01
Azusa,1970-01-01
Azzu,1970-01-01
B33F,1970-01-01
BAM,1970-01-01
BANG!,1970-01-01
BDE,1970-01-01
BJee,1970-01-01
BONK!,1999-04-01
BT.YAMATO,1970-01-01
BZimm,1970-01-01
Ba$$,1970-01-01
Bab Activated,1970-01-01
Babich,1970-01-01
BaconPancakes,1970-01-01
Badnight,1995-03-28
Badr,1992-12-29
Baku,1970-01-01
Bam,1970-01-01
Banana Boy,1970-01-01
Bananas,1998-03-30
Banano,1970-01-01
Bank,1970-01-01
Bankai,1970-01-01
Banze,1987-04-11
BarDulL,1990-08-27
Bard,1970-01-01
Baron Brody,1970-01-01
Barraca,1970-01-01
BassMage,1970-01-01
Battlecow,1970-01-01
Baxon,1989-02-16
Baz,1970-01-01
Bbatts,1970-01-01
BeJay,1970-01-01
BeLia,1970-01-01
Beast,1970-01-01
Beat,1993-10-09
Beau,1970-01-01
Bedgar,1970-01-01
Beek,1970-01-01
Beerman,1970-01-01
Bees,1970-01-01
Beji,1970-01-01
Ben,1970-01-01
Ben Gold,1970-01-01
Benny&TheJets,1970-01-01
Berble,1999-04-05
Bernie,1970-01-01
Berto,1970-01-01
Best Taco,1970-01-01
Bico,1970-01-01
Biddy,1970-01-01
Big D,1970-01-01
BigBoss,1970-01-01
Bilibo,1970-01-01
Bimbo Mexico,1970-01-01
Biscuit,1970-01-01
Bitou,1970-01-01
Bizzarro Flame,1970-01-01
Black Yoshi,1970-01-01
Blacktwins13,1994-10-27
Bladewise,1986-08-24
Blake Grey,1970-01-01
Blank,2000-01-10
Blank,1970-01-01
Blassy,1995-09-29
Blaze,1970-01-01
BlazingPasta,1970-01-01
Blea Gelo,1989-12-15
Blondekid,1970-01-01
Bloodcross,1970-01-01
Bloodpeach,1970-01-01
Bloom4Eva,1970-01-01
BluB,1970-01-01
BluStriker,1970-01-01
Blue,1970-01-01
Blue Jay,1970-01-01
BlueFoxXT,1970-01-01
Blues Clues,1970-01-01
Bluesky,1970-01-01
Blunted_Object10,1990-05-06
Bob$,1970-01-01
Bob-omb,1970-01-01
Boback,1970-01-01
Bobby Frizz,1970-01-01
Bobesco,1989-01-20
Bobi,1970-01-01
Bobo,1970-01-01
Boiko,1970-01-01
Bomboni,1970-01-01
Bombsoldier,1970-01-01
Bones,1970-01-01
Bongo,1970-01-01
BonkCushy,1970-01-01
BooBear,1997-04-21
Boomuki,1970-01-01
Boringman,1970-01-01
Borp,1970-01-01
Bose,1970-01-01
Boss,1989-11-01
Boulevard,1970-01-01
Boyd,1970-01-01
BrTarolg,1970-01-01
Brog,1970-01-01
Brood,1970-01-01
Brosinex,1999-02-14
Bryce,2000-08-16
BseeD,1970-01-01
Bubbles,1970-01-01
Bubbles,1970-01-01
Bulby,1970-01-01
Bum,1970-01-01
Bungwipe,1970-01-01
Bushi,1970-01-01
Bushihunzi,1970-01-01
BËst,1970-01-01
C#,1970-01-01
C. Rabbit,1970-01-01
C.Kaleb,1970-01-01
C.R.Z,1970-01-01
C3PO,1970-01-01
CAUP,1970-01-01
CC,1970-01-01
CHEN,1970-01-01
CIZ,1970-01-01
CPU0,1970-01-01
CTG,1970-01-01
Ca$ino Wolf,1970-01-01
CabeLo,1991-08-16
Cacogen,1970-01-01
Cactuar,1987-08-06
Cafe,1970-01-01
Cagt,1970-01-01
Cala,1970-01-01
Calle W,1992-02-12
Calvin,1970-01-01
Camtwo,1999-05-07
Cantus,1970-01-01
Capitancito,1970-01-01
Captain Birdman,1970-01-01
Captain G,1970-01-01
Captain Jack,1985-01-23
Captain L,1970-01-01
Captain Pretzel,1970-01-01
Captain Smuckers,1970-01-01
Captain Tavo,1970-01-01
CaptainZack,2001-10-26
Cashmere,1970-01-01
Casper,1970-01-01
Cat,1995-02-13
Catch Bendit,1970-01-01
CauthonLuck,1983-11-27
Cava,1986-10-25
Caveman,1986-02-03
Chaddd,1970-01-01
Chag,1970-01-01
Chango,1970-01-01
Chansey,1970-01-01
Chanshu,1970-01-01
Chaos6,1970-01-01
Chape,1970-01-01
Charby,1970-01-01
Charles,1970-01-01
Charliedaking,2000-03-09
Charlon,1970-01-01
Charon,1970-01-01
Chaud,1970-01-01
Cheeks,1997-05-12
Chef Rach,1970-01-01
Chelly,1994-07-25
Chem,1970-01-01
ChemX,1994-04-03
Chevy,1970-01-01
Chia,1988-08-30
Chief,1970-01-01
Child,1970-01-01
Chillindude,1989-08-29
ChillyChilli,1970-01-01
Chinesah,1970-01-01
ChinoMx,1970-01-01
Chirou,1970-01-01
Choco,1988-10-29
ChocoTaco,1970-01-01
Chomo,2002-03-18
Chrim Foish,1970-01-01
ChuDat,1987-01-16
Churze,1970-01-01
Cigotoast,1970-01-01
Cillit,1970-01-01
Clade,1970-01-01
ClemJ,1970-01-01
Clemens,1970-01-01
Clementine,2003-05-20
Cloudburst,1970-01-01
Cloudy,1995-09-14
Clubbadubba,1970-01-01
Clutch,1970-01-01
Cob,1970-01-01
Cobrevolution,1970-01-01
Cody,1970-01-01
Coen,1970-01-01
Coffeeblack,1970-01-01
Coki,1970-01-01
Colbol,1993-07-25
Comb,1970-01-01
Combo Blaze,1970-01-01
Commander,1996-05-10
Commander Kune,1996-08-13
Compact,1970-01-01
Coney,1988-09-03
Conman,1970-01-01
Connor,1994-03-10
Connor,1970-01-01
Cool Lime,1970-01-01
Coolkid,1970-01-01
Corazón,1970-01-01
Cort,1988-01-14
Cosmos,1998-08-31
Craftis,1970-01-01
Crash,1970-01-01
Crogo,1970-01-01
Crunch,1970-01-01
Crush,1970-01-01
CurryGovernor,1970-01-01
Cyr,1970-01-01
Cyrain,1989-01-26
Cyro,2000-11-06
Czar,1970-01-01
D.Disciple,1989-01-31
D1,1986-03-04
D35,1970-01-01
DD,2002-06-24
DD,1970-01-01
DG,1970-01-01
DIO,1970-01-01
DJ Jack,1970-01-01
DJ Nintendo,1985-05-17
DKbill,1997-05-12
DKwill,1970-01-01
DM,1970-01-01
DOGG,1970-01-01
DRN,1970-01-01
DSF,1984-07-03
DSS,1970-01-01
DTan,1970-01-01
Da Bear,1970-01-01
Da-yoshi,1970-01-01
DaLung,1970-01-01
DaShizWiz,1990-12-07
Dabuz,1993-08-07
Dacky,1970-01-01
DairDev1L,1970-01-01
Daisuki,1970-01-01
Dajjal,1970-01-01
Damian Tyson,1970-01-01
Damo,1970-01-01
Dan Salvato,1970-01-01
DanTheMan,1970-01-01
Danadan,1970-01-01
Dandy Penguin,1970-01-01
Daniel,1970-01-01
Dank,1970-01-01
Dannckles,1970-01-01
DannyPhantom,1970-01-01
Danubi,1970-01-01
Danye,1970-01-01
Dapuffster,1992-04-09
Darc,1989-08-28
Dark,1970-01-01
Dark Wizzy,2000-01-24
DarkAura,1970-01-01
DarkGenex,1970-01-01
DarkShad,1998-10-20
DarkThunder,1998-09-29
Darkatma,1990-07-23
Darkhorse,1986-12-11
Darko,1970-01-01
Darkrain,1987-08-06
Darktooth,1970-01-01
Darrell,1970-01-01
Dart!,1970-01-01
Darth,1970-01-01
Darx,1970-01-01
Dash,1970-01-01
Dath,1992-06-22
Datto,1970-01-01
Davox,1970-01-01
Dawson,1970-01-01
Day,1970-01-01
Daybreak,2001-05-02
Daydee,1993-12-11
DeCoste in the Shell,1970-01-01
DeLux,1970-01-01
Deathgazer,1990-10-31
Deci,1970-01-01
DeepFreeze,1970-01-01
Dekar,1970-01-01
Deluxemenu,1970-01-01
Den,1970-01-01
Denti,1970-01-01
Deon,1970-01-01
Dero,1970-01-01
Destany,1999-09-14
Dev,1970-01-01
Devastation,1970-01-01
Dext3r,1970-01-01
Dexter,1970-01-01
DiZ,1970-01-01
Dia,1970-01-01
Diabeo,1970-01-01
Diablo,1996-11-30
Dill,1970-01-01
Dimension,1970-01-01
Dimichi,1970-01-01
Din,1970-01-01
Dinamirer,1970-01-01
Dindon Masqué,1970-01-01
DineAuZor,1970-01-01
Dingo,1970-01-01
Dingus Joe,1999-06-10
Dirtboy,1970-01-01
Dishier Wand,1997-12-29
DjaGoF,1970-01-01
DoH,1987-12-16
DoYoung2Win,1970-01-01
Dobby,1970-01-01
Doctor A Ness,1970-01-01
Dogs_Johnson,1970-01-01
Dojo,1970-01-01
Dom,1970-01-01
Dom,1970-01-01
DonB,1970-01-01
Donquavious,1970-01-01
Doomblaze,1970-01-01
Doorstop,1970-01-01
Dope,1985-04-30
Dope,1970-01-01
Doraki,1970-01-01
Dos,1970-01-01
DoubleA,1970-01-01
Dr.,1970-01-01
Dr. Z,1982-09-18
DrLobster,1970-01-01
Dragon,1970-01-01
Dragoomba,1970-01-01
Dream,1970-01-01
Drephen,1985-12-12
DrinkingFood,1970-01-01
Droopy,1970-01-01
Drugfreechu,1999-03-24
Druggedfox,1970-01-01
Drunk Sloth,1993-05-12
Duck,1991-11-25
Dumshiny,1970-01-01
Dunk,1970-01-01
Dunkmaster Ragna,1970-01-01
DynaStyle,1970-01-01
Dynamo,1970-01-01
Däumling,1991-08-07
E-tie,1970-01-01
EE,1970-01-01
EG,1970-01-01
EKING,1970-01-01
ESAM,1992-11-17
EVERYBODYPOOPS,1970-01-01
Eagle,1970-01-01
EarlofM,1970-01-01
Earth,1970-01-01
EastCoastJeff,1970-01-01
Eddie,1979-04-16
Eddy,1970-01-01
Eddy Mexico,1970-01-01
Eekim,1970-01-01
Eggm,1970-01-01
Eggy,1970-01-01
Eggz,1990-10-22
Eidolon,1970-01-01
Eikelmann,1992-09-07
Eim,1970-01-01
El Shroomo,1970-01-01
El_Bardo,1970-01-01
El_Pitikla,1970-01-01
Eldigan,1970-01-01
Elegant,1998-11-07
Elexiao,1970-01-01
Elliot,1970-01-01
Ellipsis,1970-01-01
EmmiZhang,1991-10-15
Emp,1970-01-01
Enig,1970-01-01
Enki,1970-01-01
Enn,1970-01-01
Envy,1970-01-01
Enzo,2000-01-14
EnzoGulity,1970-01-01
Eon,2001-01-20
Epic Murloc,1970-01-01
Epic_Gabriel,1970-01-01
Epikfaal,1970-01-01
Escurridizo,1995-02-09
Espeon•CH,1970-01-01
Espi,1970-01-01
Etril,1970-01-01
Etsuji,1970-01-01
EuO,1970-01-01
Excel_Zero,1970-01-01
Exile,1994-03-27
Exodia,1996-09-23
Explo,1970-01-01
Extra,1994-08-16
F-A-!-A,1970-01-01
FA0,1970-01-01
FAUST,1970-01-01
FLiiNcHy,1970-01-01
FMB5K,1970-01-01
FOW,1995-07-20
FROOT,1970-01-01
FSharp,1970-01-01
Faab,1970-01-01
Fable,1970-01-01
Fake,1970-01-01
Falpan,1970-01-01
False,1970-01-01
Fat Tino,1970-01-01
FatGoku,1970-01-01
Fatality,1994-08-07
Fatman.spam,1970-01-01
Fauster,1990-08-28
Fck Vwls,1970-01-01
Fearless,1994-08-31
Fekah,1970-01-01
Felker,1970-01-01
Fendrick Lamar,1970-01-01
Feradit,1970-01-01
Fess,1970-01-01
Fiction,1970-01-01
Figy,1970-01-01
Filthy Casual,1970-01-01
Finio,1970-01-01
Fire,1970-01-01
Fireblaster,1988-11-12
Firefly,1970-01-01
FireflyHI,1970-01-01
Firehao,1970-01-01
Firo,1970-01-01
Fishbait,1970-01-01
Fizz,1970-01-01
Fizzi,1970-01-01
Fizzle_Boy,1970-01-01
Flash,1970-01-01
Flash,1970-01-01
FlashingFire,1970-01-01
Flikkflakk,1989-10-03
Flipp,1993-09-27
Flippy,1970-01-01
Flipsy,1970-01-01
Floimar,1970-01-01
Flow,1996-09-20
Fluid,1970-01-01
Fly Amanita,1970-01-01
Focus,1994-10-27
ForTseKe,1970-01-01
Fork,1970-01-01
Forrest,1970-01-01
Forward,1987-07-12
Fout NL,1970-01-01
Foxy Grandpa,1970-01-01
Franz,1970-01-01
Frawg,1970-01-01
Free Palestine,1970-01-01
Freean,1970-01-01
Freekleef,1996-01-26
Freetox_,1970-01-01
Frenzy,1970-01-01
Frido,1970-01-01
Frieddo,1970-01-01
Friso,1970-01-01
Frootloop,1970-01-01
Frostbyte,1970-01-01
Frosty,1970-01-01
Frozen,1970-01-01
Frycook,1970-01-01
Fskin,1970-01-01
Fukurou,1970-01-01
FullStream,1970-01-01
Funya~n,1970-01-01
Futsuka-miman,1970-01-01
Fuwa,1970-01-01
Fuzz,1994-08-17
Fuzzyness,1989-10-10
Fwed,1970-01-01
G$,1970-01-01
G-danzee,1970-01-01
GAwes,1970-01-01
GG,1970-01-01
GI0GOAT,1970-01-01
Gabe,1970-01-01
Gackt,1970-01-01
Gahtzu,1993-04-25
Galan,1970-01-01
Gallo,1970-01-01
Gameboyjr,1970-01-01
Ganondorf,1970-01-01
Gardex,1970-01-01
Garrote,1998-05-21
GaussBet,1970-01-01
Gen,1970-01-01
Genarog,1970-01-01
Genghis Connor,1998-01-27
Genialo,1970-01-01
Geova,1970-01-01
Germ,1970-01-01
Gerson,1970-01-01
Ghost,1970-01-01
GimR,1989-09-24
Gimpyfish,1970-01-01
Ginger,1995-04-30
Gino,1970-01-01
Glaikit,1970-01-01
Glitch,1970-01-01
Glitter,1970-01-01
Glutonny,1995-06-01
Gnes,1989-01-27
Goblin,1970-01-01
God with a Wavebird,1970-01-01
GodTouch,1970-01-01
Godzrage,1989-06-10
Gohan,1970-01-01
Gomakenpi,1970-01-01
Gomamugitya,1970-01-01
Goode,1970-01-01
Goof,1998-10-01
Googleyeyed,1970-01-01
Gooms,1970-01-01
Goomy,1970-01-01
Goose,1970-01-01
Gpik,1970-01-01
Gr4pe,2000-07-26
Grab,1970-01-01
Grade,1970-01-01
GranmasGotGame,1970-01-01
Grape,2001-11-05
Gravy,1970-01-01
Grayson,2001-02-02
Green Ranger,1991-11-17
GreenBeast,1996-06-20
Greginator,1970-01-01
Gregs,1970-01-01
Greil,1996-04-09
Greno,1970-01-01
Greward,1970-01-01
GrimTurtle,1970-01-01
Grove,1970-01-01
Grzly,1970-01-01
Guasausky,1970-01-01
Gucci,1970-01-01
Gulbutron,1970-01-01
Gungnir,1970-01-01
Gunnermaniac,1970-01-01
HAMMERHEART,1970-01-01
HERO,1970-01-01
HIDE,1970-01-01
HIKARU,1970-01-01
HP,1970-01-01
Hackoru,1970-01-01
Haha,1970-01-01
Haipe,1997-07-05
HammerTime,1970-01-01
Han Solo,1970-01-01
HandsomeTom,1970-01-01
Hanky Panky,1970-01-01
Hao,1970-01-01
Happymealz,1970-01-01
Harasen,1970-01-01
Harriet,1970-01-01
Harry Pogger,1970-01-01
Hassan,1970-01-01
Hawk,1970-01-01
Hax,1994-05-07
Hayato.,1970-01-01
Hazzard,1970-01-01
Heartstrings,1970-01-01
Hebiichigo,1970-01-01
Heck,1970-01-01
Hedgeon,1970-01-01
Hello,1970-01-01
Hendrix,1970-01-01
Hero Pie,1970-01-01
Hero of Time,1970-01-01
Herrán,1970-01-01
Heru,1970-01-01
HiFi,1970-01-01
Hibuto,2002-10-08
Hinkage,1970-01-01
Hirschulat,1996-12-18
Hitoshio,1970-01-01
Hiyo,1970-01-01
Ho,1970-01-01
Holiday,1999-03-07
Holy,1970-01-01
Holy,1970-01-01
HomeMadeWaffles,1990-05-09
Homika,1970-01-01
Hondo,1970-01-01
Honk,1970-01-01
HoorayForJay,1970-01-01
Horbie,1970-01-01
Hoss Delgado,1970-01-01
Hotline,1970-01-01
HugS,1986-01-21
Hungrybox,1993-06-21
Hunybear,1970-01-01
Husband,1970-01-01
HyperFlame,1996-09-13
Hyprid,1970-01-01
Hyuga,1992-07-23
IB,1970-01-01
IC,1993-03-08
Ice,1991-07-01
Iceman,1970-01-01
IcyMist,1970-01-01
Idea,1970-01-01
Ignis,1970-01-01
Iifter,1970-01-01
ImHip,1970-01-01
ImperfeCt,1970-01-01
Infinite Numbers,1970-01-01
Infinity,1970-01-01
Insie,1970-01-01
Inter,1970-01-01
Iori,1970-01-01
Iota,1997-04-16
Irnel,1970-01-01
Irregular Jinny,1970-01-01
Isai,1985-03-17
Isdsar,1970-01-01
Ismaël,1970-01-01
Ismon,1970-01-01
Isyan,1970-01-01
Ito,1970-01-01
IuDKing,1970-01-01
Ivayne,1970-01-01
IvándeSevilla,1970-01-01
Ixis,1970-01-01
Izaw,1970-01-01
Izzi,1989-06-03
Iñf,1970-01-01
J.Miller,1970-01-01
JBash,1970-01-01
JCAM,1970-01-01
JCubez,1970-01-01
JD,1970-01-01
JFlex,1970-01-01
JFyst,1996-03-25
JJK,1999-09-28
JJM,1970-01-01
JJROCKETS,1993-03-26
JK,1970-01-01
JKJ,1970-01-01
JMYL,1970-01-01
JMafia,1970-01-01
JNaut,1970-01-01
JOKER,1970-01-01
JSalt,1970-01-01
Jace,1970-01-01
Jacky,1970-01-01
Jackzilla,1970-01-01
Jadde,1970-01-01
Jade,1970-01-01
Jaden,1970-01-01
Jagaimo,1970-01-01
JaimeHR,1985-10-13
Jaka,1970-01-01
Jakal,1970-01-01
Jake,1970-01-01
Jakenshaken,1970-01-01
Jakespeare,1970-01-01
Jaller,1970-01-01
Jam,1970-01-01
Jamie,1970-01-01
Jamrun,1970-01-01
Jana,1997-03-11
Janco,1970-01-01
Janitor,1970-01-01
Jason,1988-02-03
Jason Waterfalls,1970-01-01
Javi,1989-05-17
Javi,1970-01-01
Jaxter,1970-01-01
JaySon,1970-01-01
Jaycee,1991-05-11
Jbandrew,1970-01-01
Jboss,1996-05-10
Jdizzle,1970-01-01
JeBB,1995-02-22
JeJaJeJa,1970-01-01
Jean-Paul,1970-01-01
Jeapie,1991-10-28
Jekku,1970-01-01
Jerem,1996-05-22
Jerry,1970-01-01
Jesuischoq,1970-01-01
JiM,1970-01-01
Jiano,1970-01-01
Jim Jam Flim Flam,1970-01-01
Jimmy Joe,1970-01-01
Jin,1970-01-01
Jman,1992-09-25
Jmook,1970-01-01
JoJo,1970-01-01
JoMo,1970-01-01
Joanna Dark,1970-01-01
Joe,1970-01-01
Joe,1988-10-23
Joey Donuts,1970-01-01
Jogibu,1970-01-01
John Numbers,1992-04-10
JohnnyFight,1970-01-01
Joker,1970-01-01
Jolteon,1992-10-22
Jonny Westside,1970-01-01
Jonsch,1970-01-01
Jormis,1970-01-01
Jose V,1970-01-01
Josh Brody,1988-05-02
Joshi,1970-01-01
Joshi,1970-01-01
Joukai,1970-01-01
Jouske,1970-01-01
Joyboy,1970-01-01
JpegImage,1970-01-01
Jtails,1970-01-01
Juggleguy,1991-07-29
Juice,1970-01-01
Juicebox,1970-01-01
Jules,1970-01-01
Jumpsteady,1970-01-01
Junebug,1970-01-01
Just Jason,1970-01-01
JustJoe,1970-01-01
Justus,1970-01-01
Juuuuul,1999-04-10
JvJ,1970-01-01
Jw,1970-01-01
K Rool,1970-01-01
K-12,1970-01-01
K.F,1970-01-01
K9sbruce,1970-01-01
KD3,1970-01-01
KEN,1970-01-01
KJH,1993-08-12
KOSSismoss,1970-01-01
KP,1970-01-01
KPAN,1970-01-01
Ka-Master,1970-01-01
KaLL,1970-01-01
Kabal,1970-01-01
Kadano,1970-01-01
Kaeon,1970-01-01
Kaese,1970-01-01
Kafkah,1994-03-19
Kage the Warrior,1985-10-29
Kain,1989-10-16
Kakera,1991-11-07
Kakpu,1970-01-01
Kalamazhu,1970-01-01
Kalvar,1970-01-01
Kameme,1996-08-08
Kami,1970-01-01
Kanaribird,1970-01-01
Kanye Rest,1970-01-01
Kaos,1970-01-01
Karna,1996-08-09
Karoegu,1970-01-01
Karpador64,1970-01-01
KasparV,1970-01-01
KassandraNova,1970-01-01
Kata,1970-01-01
Kazenoko,1970-01-01
Kazeol,1970-01-01
Ke-ya,1970-01-01
Kebabman13,1970-01-01
Keen,1997-05-29
Kefit,1970-01-01
Kei,1970-01-01
Keisuke,1970-01-01
Keitaro,1987-09-17
Kelasius,1970-01-01
Kellner,1970-01-01
Kels,1988-07-16
Ken,1985-10-10
Kenko,1970-01-01
Kepler,1970-01-01
KeroKeroppi,1970-01-01
Ketchup,1996-08-22
Kevin Maples,1970-01-01
Khalid,1970-01-01
Khanage,1970-01-01
Khryke,1970-01-01
Ki,1970-01-01
Kibzu,1970-01-01
Kid Candi,1970-01-01
Kie,1970-01-01
Kieran,1970-01-01
Kikoho,1970-01-01
Kikoushi,1970-01-01
KillaOR,1970-01-01
Killer,1970-01-01
Kimchi,1970-01-01
Kimimaru,1970-01-01
King,1985-08-23
King,2001-05-01
King Funk,1970-01-01
King Koopa,1970-01-01
King Momo,1970-01-01
KingArc,1970-01-01
Kingtoon,1991-12-12
Kingu,1970-01-01
Kins0,1970-01-01
Kippe,1970-01-01
Kira,1989-06-22
Kira,1970-01-01
KiraFlax,1993-06-30
Kirbstomper,1970-01-01
KirbyKaze,1970-01-01
KirbyKid,2003-07-18
Kirihara,1970-01-01
Kisha,1970-01-01
Kishiru,1970-01-01
Kismet,1970-01-01
Kitcatski,1970-01-01
KittyMW,1970-01-01
Kiw,1970-01-01
Kiwi,1970-01-01
Kiyarash,1970-01-01
Klemenz,1970-01-01
KnitePhox,1970-01-01
Knullebibs,1970-01-01
Knut,1970-01-01
KoDoRiN,1970-01-01
KoRoBeNiKi,1970-01-01
Kobe,1970-01-01
Kobobi,1970-01-01
Kofi,1970-01-01
Kogarasuma,1994-01-12
Kola,1970-01-01
Kome,1970-01-01
Komodo,1970-01-01
Komota,1970-01-01
Komotonoto,1970-01-01
Kone,1970-01-01
Koobie,1970-01-01
KoopaKev,1970-01-01
KoopaTroopa895,1970-01-01
KoreanDJ,1970-01-01
Kort,1994-03-20
Kounotori,1970-01-01
Koyu,1970-01-01
Kranke Maschine,1970-01-01
Kratogans,1970-01-01
Kreeg,1970-01-01
Krudo,1970-01-01
Ksev,1970-01-01
Kuma,1999-08-05
Kumatora,1970-01-01
Kupo,1970-01-01
Kurabba,1970-01-01
Kurama,2005-02-04
Kuro,1996-12-11
Kurry,1997-09-10
Kuya,1970-01-01
Kuyashi,1970-01-01
Kwaz,1970-01-01
Kycse,1990-11-19
Kyle,1994-07-12
Kyle Tree,1970-01-01
Kylethh,1970-01-01
Kürv,1970-01-01
L,1970-01-01
L-T,1996-02-25
L4st,2002-04-25
LAG,1970-01-01
LD,1970-01-01
LETSGO,1970-01-01
LGuy,1970-01-01
LI4R,1970-01-01
LOE1,1970-01-01
La Luna,1991-06-09
Lad,1970-01-01
Lafungo,1970-01-01
Laguna,1970-01-01
Laj,1970-01-01
Lampadaires,1970-01-01
Lanceinthepants,1970-01-01
Lancelot,2002-01-04
Larry Lurr,1990-03-20
Laske,1994-03-08
Laudandus,1970-01-01
Laurster,1970-01-01
Lazyboredom,1970-01-01
Le Goat,1970-01-01
LeSou,1970-01-01
Lea,1970-01-01
Leaf,1970-01-01
Leaum,1970-01-01
Leck,1970-01-01
Lee Martin,1989-10-27
Leffen,1994-10-16
Left,1970-01-01
Legend,1997-04-18
Legit,1970-01-01
Lego,1970-01-01
Leighton,1970-01-01
Lemmon,1970-01-01
Len,1970-01-01
Lengüitas,1970-01-01
LeoN,1970-01-01
Leon,1988-05-28
Leso,1986-06-11
Levingy,1970-01-01
Lex,1991-05-21
Liax,1970-01-01
Lie,1970-01-01
Light,1999-10-22
Light,1993-03-02
Light the Lantern,1970-01-01
Lilo,1970-01-01
LingLing,1991-03-02
Linguini,1970-01-01
Link91,1970-01-01
Linkeiro,1970-01-01
Linus,1970-01-01
Lionheart,1970-01-01
Liva,1970-01-01
LoZR,1970-01-01
Loading...,1970-01-01
Locus,1970-01-01
Logan,1970-01-01
Logic,1970-01-01
Logix,1970-01-01
Logos,1970-01-01
Loki,1990-12-07
Loli,1970-01-01
Long,1970-01-01
Longo,1998-04-28
Lord,1970-01-01
Lord English,1970-01-01
Lord HDL,1970-01-01
Lord Narwhal,1970-01-01
Lord Sturm,1970-01-01
LordMix,1970-01-01
Lorenzo,1992-10-24
Loto,1970-01-01
Louis,1970-01-01
Lovage,1970-01-01
Lowercase hero,1970-01-01
Lowww,1970-01-01
LoyaL,1970-01-01
LuK,1970-01-01
Luan,1970-01-01
Lucien,1990-07-08
Luck,1970-01-01
Lucky,1991-11-10
Lucky,1970-01-01
Lucky,1970-01-01
Luco,1970-01-01
Ludecoli,1970-01-01
Ludwig,1995-07-06
Luffy,1996-03-29
Luhtie,1970-01-01
Lui$,1998-10-01
LuiS,1996-01-10
Luigi player,1988-02-16
LuigiKid,1970-01-01
Luisfer,1970-01-01
Lukingordex,1996-03-18
Lukitu,1970-01-01
Luma,1970-01-01
Lumbre,1970-01-01
Luminous!,1970-01-01
Lunar Dusk,1970-01-01
LunarySSF2,1970-01-01
Lunchables,1970-01-01
Lustrike,1970-01-01
Luugi,1970-01-01
LynZle,1970-01-01
Lyric,1970-01-01
M,1996-02-02
M.M.Leo,1970-01-01
MA,1970-01-01
MASA,1970-01-01
MATTS!,1970-01-01
MB-Smash,1970-01-01
MC,1970-01-01
MD3,1970-01-01
MEGU,1970-01-01
MISTRRLOVE,1991-07-06
MJG,1991-10-22
MM,1970-01-01
MOF,2003-04-04
MOM!,1970-01-01
MT,1970-01-01
MVD,1992-07-31
MVL,2002-03-09
MYL,1970-01-01
MacD,1989-11-06
Machiavelli,1970-01-01
Machu,1970-01-01
Mad Ice King,1970-01-01
MadeInShineA,2001-10-02
Madness,1970-01-01
Madrush21,1970-01-01
Maeda,2000-01-01
Mafe2233,1970-01-01
Mafia,1994-06-15
Magi,1999-06-12
Magister,1970-01-01
Maguro,1970-01-01
Magus,1970-01-01
Mahie,1992-07-07
Maister,2000-03-03
Majersk,1970-01-01
Makenshi,1970-01-01
Malcolm,1970-01-01
Maliki,1970-01-01
Malmortis,1970-01-01
Manacloud,1970-01-01
Manda,1970-01-01
Mango,1991-12-10
Manio,1970-01-01
Manny,1995-11-16
Manzoku,1970-01-01
Mao,1970-01-01
Maplemage,1970-01-01
Marbles,1970-01-01
Marc,1992-02-13
Mariguas,1970-01-01
Marisa,1970-01-01
Marko64,1970-01-01
Marshall,1970-01-01
Marss,1998-12-16
Maruf,1996-09-06
Marvelous Marco,1970-01-01
Masaru,1970-01-01
Masashi,1970-01-01
Masha,1970-01-01
Mask,1970-01-01
Maskless,1997-01-08
Massun,1970-01-01
MastaMario,1970-01-01
Master Raven,1970-01-01
Matsu,1970-01-01
Matt,1970-01-01
Matt Deezie,1983-10-18
MattDotZeb,1991-11-06
Matteo,1970-01-01
MattyG,1998-01-07
Mave,1970-01-01
Mawacate,1970-01-01
Max Ketchum,1993-04-23
Mayhem,1970-01-01
McS33,1988-09-06
Meady,1970-01-01
Meatzorz,1970-01-01
Medz,1970-01-01
Meekspeedy,1993-10-20
Meercko,1970-01-01
MegaXmas,1970-01-01
Megafox,1970-01-01
Mekk,1970-01-01
Mekos,1970-01-01
Meljin,1970-01-01
Melkanobi,1988-11-03
Meme,1970-01-01
Meredy,1970-01-01
Merihim,1970-01-01
Meru,1993-11-15
Meruem,1970-01-01
Meskion,1970-01-01
MetaFalo,1970-01-01
MetalFox,1970-01-01
Meteor,1970-01-01
Meutrich,1970-01-01
Mew2King,1989-02-05
Mewwy,1970-01-01
Mezcaul,1970-01-01
Mezzy,1970-01-01
Micchan,1970-01-01
Michael,1970-01-01
Mickey Blue,1990-10-05
Micro,1970-01-01
Midnight,2000-02-02
Midoriss,1970-01-01
Miffee,1970-01-01
Mijo,1970-01-01
Mik,1970-01-01
Mika,1988-01-07
MikeHaggar,1970-01-01
MikeHaze,1989-11-06
MikeKirby,1970-01-01
Mikeneko,1970-01-01
Mikeray4,1991-08-21
MilkMan,1970-01-01
Milktea,1970-01-01
Mimok,1970-01-01
Miniboulet,1970-01-01
Minty,1970-01-01
Mirko,1970-01-01
Misia,1970-01-01
Mistake,2000-08-08
Misu,1970-01-01
Mittens,1990-11-07
MkLeo,2001-01-20
MoG,1970-01-01
Moe,1970-01-01
Moist,1970-01-01
Mojo,1970-01-01
MojoMonkey,1970-01-01
Mojohans,1970-01-01
Moke,1970-01-01
Momon,1970-01-01
Monib,1996-12-02
Monty,1970-01-01
Mooninite,1970-01-01
Moose,1970-01-01
MorKs,1970-01-01
Morpheus,1970-01-01
Morsecode762,1970-01-01
Mossan,1970-01-01
Mot$,1970-01-01
Motobug,1970-01-01
Mow,1970-01-01
Mr. Brandandorf,1970-01-01
Mr. F,1970-01-01
Mr. L,2003-06-27
Mr.E,1997-01-26
Mr.R,1993-06-17
Mr.Watch&Learn,1970-01-01
Mr.Zercon,1970-01-01
Mr9,1970-01-01
MrConCon,1970-01-01
Mtkat,1970-01-01
Mudomo,1970-01-01
Mugen,1970-01-01
Muk,1970-01-01
Munekin,1970-01-01
Mursu,1970-01-01
MuteAce,1970-01-01
Myles,1970-01-01
Myollnir,1995-02-15
Myougi,1998-02-21
Mystearica,1970-01-01
Mystery Sol,1970-01-01
N3z Mod God,1998-06-03
NAKAT,1994-06-21
NDJ,1970-01-01
NEG,1970-01-01
NEO,1970-01-01
NJzFinest,1970-01-01
NOOT,1970-01-01
NTA,1970-01-01
NVZ,1970-01-01
NY Joey,1970-01-01
NaCl,1970-01-01
Nades,1970-01-01
NaetorU,1970-01-01
Nagy,1970-01-01
Nair^,1970-01-01
Nairo,1996-11-07
Nakamaman,1970-01-01
NamiNami,1970-01-01
Nanashi,1970-01-01
Nangoku,1970-01-01
Nangs,1970-01-01
Nanon,1970-01-01
Naomi,1970-01-01
Napkins,1970-01-01
Narcissa,1989-07-21
Naskino,1970-01-01
NathanIWN,1995-02-10
Nation,1970-01-01
Natsu,1970-01-01
Nave,1970-01-01
Navy,1970-01-01
Nax,1970-01-01
Near,1970-01-01
Neath,1970-01-01
Necro,1970-01-01
Ned,1970-01-01
Neeroz,1970-01-01
NeoChronos,1970-01-01
Neon,1970-01-01
Nery,1970-01-01
Nessome,1970-01-01
Nezergy,1970-01-01
Nhat,1970-01-01
NiNi,1970-01-01
NiTe,1970-01-01
Nibodax,1970-01-01
NickC,1970-01-01
NickRiddle,1970-01-01
Nickemwit,1970-01-01
Nicko,1995-04-09
Nicole,1970-01-01
Nietono,1993-01-23
Nightmare,1970-01-01
Nightwing,1970-01-01
Niklas2912,1970-01-01
Nin',1970-01-01
Ningildo,1970-01-01
NinjaLink,1970-01-01
NinjagoFan72,2000-12-21
NintendOrk,1970-01-01
Nintendi,1970-01-01
Nintendude,1970-01-01
Nir,1970-01-01
Nishinoma,2000-01-01
Nishiya,1970-01-01
Nito,1970-01-01
Nitox,1970-01-01
Nitro,1970-01-01
NoFluxes,1970-01-01
Noah,1970-01-01
Noghrilla,1970-01-01
Nonocolors,1970-01-01
Nox,1970-01-01
Noxumbra,1998-09-06
Noxxa,1994-04-29
Nuckels,1970-01-01
NuclearLunch,1970-01-01
Nurse,1970-01-01
Nut,1970-01-01
Nyaha,1970-01-01
Nyani,1993-07-07
OCEAN,1970-01-01
ORLY,1970-01-01
Oaty,1970-01-01
Ober,1970-01-01
Odyssey,1970-01-01
Ogey,1998-08-31
Oisiitofu,1970-01-01
Okajyu,1970-01-01
Okameed,1970-01-01
OkamiBW,1970-01-01
OkayP,1970-01-01
Olikus,1970-01-01
Omuatsu,1970-01-01
OnArap,1970-01-01
Onpu,1970-01-01
Oración,1970-01-01
Oro?!,1970-01-01
Oryon,1970-01-01
Ossify,1970-01-01
Otakuni,1997-10-07
Otori,1991-11-07
Ouch!?,2004-12-18
OursOuzbek,1970-01-01
OverLade,1970-01-01
Overtriforce,1970-01-01
OwlBBs,1970-01-01
Ozone,1970-01-01
PB&J,1970-01-01
PC Chris,1987-08-23
PEW,1970-01-01
PPMD,1990-09-25
PRZ,1970-01-01
PSI Force,1970-01-01
PT,1970-01-01
PaF,1970-01-01
Paco,1970-01-01
Paint,1970-01-01
Paju,1970-01-01
Palika,1970-01-01
Palpa,1970-01-01
Panda,1970-01-01
Panda Bair,1970-01-01
Pandaroux,1970-01-01
Panko,1970-01-01
Panos,1970-01-01
PanterA,1970-01-01
Pao,1970-01-01
Papa,1970-01-01
Pappi,1970-01-01
ParaCane,1970-01-01
Parablegreg,1970-01-01
Parme,1970-01-01
Parsec,1970-01-01
Paseriman,1970-01-01
Pasi,1970-01-01
Patrino,1993-11-24
PauldeCap,1970-01-01
Pawlina,1970-01-01
Peabnut,1970-01-01
Peanutphobia,1970-01-01
Pefo,1970-01-01
Pelca,1970-01-01
Peli,1999-08-17
Pengie,1970-01-01
Pepo,1970-01-01
Perkinips,1970-01-01
Perla,1970-01-01
Pete,1970-01-01
PewPewU,1994-02-14
Phade,1970-01-01
Phake,1970-01-01
Phantom,1970-01-01
Phil,1970-01-01
Phish-it,1970-01-01
Phoca,1970-01-01
Phoenix,1970-01-01
Phonky,1970-01-01
Phresh,1994-06-17
Pi,1970-01-01
PiXL,1970-01-01
Pichi,1970-01-01
Picofarad,1970-01-01
PikaChad,1970-01-01
PikaForLife,1970-01-01
PikaPika!,1970-01-01
PikminButDeadly,1970-01-01
Pikmon,1970-01-01
Ping,1970-01-01
Pink Fresh,1970-01-01
Pink Shinobi,1970-01-01
Pipo,1970-01-01
Pipp,1970-01-01
Pisces,1970-01-01
Pixel,1970-01-01
PkChris,1970-01-01
Plank,1970-01-01
Plastic Poptart,1997-04-12
Plata,1970-01-01
Player 7,1994-05-13
Player-1,1970-01-01
Pleasantries,1970-01-01
Pleeba,1970-01-01
Plup,1993-11-26
Pocafeiner,1970-01-01
Pocket Sand,1970-01-01
Poilu,1970-01-01
Poke,1970-01-01
Pokecheese,1998-02-03
Pokelam,2002-12-19
Pokepen,1970-01-01
Polish,1970-01-01
Poltergust,1970-01-01
Poonpounder,1970-01-01
Poppmaister6000,1970-01-01
Poppt1,1970-01-01
Porkchops,1970-01-01
PotatoesAreYum,1970-01-01
Poww,1970-01-01
Poyo,1993-10-14
Precs,1993-12-20
Preeminent,1970-01-01
Preston,1970-01-01
Pricent,1970-01-01
Prince,1970-01-01
Prince Abu,1990-05-09
Prince Fluff,1970-01-01
Prince Ramen,1970-01-01
Prinz,1970-01-01
Professor Pro,1991-06-04
Professor_wizard,1970-01-01
Project,1998-04-06
Promaelia,1991-04-14
Prometheus,1970-01-01
ProtoBanham,1970-01-01
Psylo,1970-01-01
PudgyPanda,1996-03-24
Pug,1970-01-01
Pumm,1970-01-01
Punk Panda,1970-01-01
Puppeh,2002-05-28
PureEvil,1970-01-01
PureSkillz,1970-01-01
Purner,1991-08-18
PurpleDebo,1970-01-01
Purple~H,1995-03-31
PwrUp!,1970-01-01
Q?,1970-01-01
Qapples,1970-01-01
Qerb,1970-01-01
Qlex,1970-01-01
Qtip,1970-01-01
Quaff,1970-01-01
Quang,1970-01-01
Quetz,1970-01-01
Quidd,1970-01-01
Quip,1970-01-01
R23,1970-01-01
R2DLiu,1970-01-01
RAIN,1970-01-01
RAMBOSS,1970-01-01
RFang,1999-06-13
RK,1970-01-01
ROFL,1988-08-22
RaZe,1970-01-01
Raalts,1995-08-31
Rael,1970-01-01
Raffi-X,1993-08-15
Raflow,1970-01-01
Rage,1970-01-01
Rags,1970-01-01
Raikin,1970-01-01
Rainbow,1970-01-01
Raisem,1970-01-01
Raito,1993-07-10
Ralph,1970-01-01
Ralphie,1970-01-01
Ramon,1970-01-01
Ramses,1970-01-01
Ranai,1970-01-01
Random-Ness,1970-01-01
Raphy,1970-01-01
Raptor,1970-01-01
Raptori,1970-01-01
Rasen,1970-01-01
RashAttack,1970-01-01
Ravenking,1970-01-01
Raychu,1970-01-01
RaynEX,1989-12-17
Rayquaza07,1970-01-01
Razo,1970-01-01
Reason,1970-01-01
Red Ranger,1970-01-01
Redd,1991-04-29
Redslasher,1970-01-01
Reesch,1970-01-01
Reeve,1970-01-01
Reflet,1970-01-01
Regerets,1970-01-01
Regi Shikimi,1970-01-01
Remen,1988-03-04
Remrin,1998-01-04
Remzi,1970-01-01
Reno,1988-09-10
Renzo,1970-01-01
Repo,1970-01-01
Reptar,1970-01-01
Reslived,1970-01-01
RestlessWhale,1970-01-01
Revan,1970-01-01
RevoS,1970-01-01
Rex,1970-01-01
Ri-ma,1970-01-01
RiVer,1970-01-01
Rica,1970-01-01
Rice,1970-01-01
Rich Brown,1989-08-21
Rickles,1970-01-01
Riddles,2003-05-29
Ridley,1998-08-08
Riff,1970-01-01
Rik,1997-06-28
Riksto,1993-11-09
Rikzz,1970-01-01
Ringler,1970-01-01
Rinor,1970-01-01
RiotLettuce,1990-08-05
Ripple,1991-01-03
Risc,1970-01-01
Rishi,1970-01-01
Rizeasu,1970-01-01
Rob$,1970-01-01
Robert,1970-01-01
RobinGG,1970-01-01
Roboto,1970-01-01
Robo~Luigi,1993-08-26
Roche,1988-07-06
RockCrock,1970-01-01
Rocket,1970-01-01
Rocky,1970-01-01
Rocky,1970-01-01
Rod,1970-01-01
Rolex,1970-01-01
Ron,1970-01-01
Ron,1970-01-01
Rondelle,1970-01-01
Rongunshu,1970-01-01
Ronnichu,1970-01-01
Rony,1997-12-09
Roo,1970-01-01
Rotsuku,1970-01-01
Rox,1970-01-01
Rudolph,1970-01-01
Runes,1970-01-01
Ruoka Dancho,1970-01-01
Russell,1970-01-01
Ryan Ford,1970-01-01
Rydle,1970-01-01
Rymo,1970-01-01
Ryo,1990-02-05
Ryobeat,1970-01-01
Ryser,1970-01-01
RyuKai,1970-01-01
Ryuga,1998-02-14
Ryuker,1970-01-01
Ryzuul,1970-01-01
S,1970-01-01
S,1970-01-01
S0ft,1970-01-01
S1,1993-08-17
S23,1970-01-01
S2H,1992-05-06
S2J,1991-04-21
SA Nick,1970-01-01
SAUS,1970-01-01
SBF,1970-01-01
SDJ,1970-01-01
SFAT,1970-01-01
SFOP,1970-01-01
SG,1970-01-01
SH,1970-01-01
SHADIC,2007-05-27
SK92,1970-01-01
SKG,1970-01-01
SKIPPER,2000-05-11
SKITTLES!!,1970-01-01
SKPeter,1970-01-01
SM,1970-01-01
SMB,1996-09-18
SNooFL,1970-01-01
SOMBRERO,1970-01-01
SS,1970-01-01
SUNG475,1970-01-01
Sabaca,1997-07-27
Sabino,1970-01-01
Sabre,1970-01-01
SacaSuMoto,1970-01-01
Sago,1992-04-25
Sahara,1970-01-01
Saiki,1970-01-01
Saint Woody,1970-01-01
Saj,1970-01-01
Salem,1994-08-01
Salepate,1989-08-28
Salevits,1970-01-01
Salt,1970-01-01
Saltsizzle,1970-01-01
Salva,1970-01-01
Samplay,1970-01-01
Samsora,1998-03-04
Samuuu,1970-01-01
San,1991-08-12
Sandstorm,2002-02-03
Sanne,1970-01-01
Santiago,1994-11-13
Santieur52,1970-01-01
Sastopher,1970-01-01
Satan™,1970-01-01
Sauc3,1970-01-01
Savestate,1970-01-01
ScAtt,1970-01-01
Scar,1987-01-07
Scarhi,1970-01-01
Scend,1997-02-10
Schima,1970-01-01
Schligger,1970-01-01
SchlimmShady,1970-01-01
Scholes,1970-01-01
Schwa,1970-01-01
Schythed,1970-01-01
Scizor,1970-01-01
Scout,1970-01-01
Scubbss,1970-01-01
SdN,1970-01-01
Seagull Joe,1990-12-30
SebPro101,1970-01-01
Secret,2002-01-23
Secrets,1970-01-01
Seibrik,1989-07-21
Seigal,1970-01-01
Sekai Doggo,1995-11-02
SenX,1970-01-01
Sensei,1970-01-01
Sensuell,1970-01-01
Ser,1970-01-01
Serew,1970-01-01
Serge,1992-10-14
Serket,1970-01-01
Ses,1970-01-01
Setchi,1970-01-01
Seth,1970-01-01
Sethlon,1970-01-01
Seven,1970-01-01
Seya,1970-01-01
Shadow_PR,1970-01-01
Shadrew,1970-01-01
Shady,1970-01-01
Shaky,1993-03-03
Shalaka,1970-01-01
Shana,1970-01-01
Sharkz,1970-01-01
Sharp,1970-01-01
Sharp,2002-05-14
Sharpy,1970-01-01
Shears,1970-01-01
SheerMadness,1970-01-01
Sheik,1970-01-01
Shengo,1970-01-01
ShiNe,1970-01-01
Shido,1997-07-30
ShiftingShadows,1970-01-01
Shihman,1970-01-01
Shimitake,1970-01-01
Shinobi,1970-01-01
Shiny Zubat,1970-01-01
ShinyMark,1970-01-01
Shippu,1970-01-01
Shissho,1970-01-01
Shloub,1970-01-01
Shoghi,1970-01-01
Shogun,1970-01-01
Shroomed,1970-01-01
Shu,1970-01-01
ShuC,1970-01-01
Shunsuke,1970-01-01
Shuton,1996-06-17
Sidereus,2001-01-14
Sigma,1970-01-01
Silent Wolf,1990-10-21
SilentRain,1970-01-01
SilentSpectre,1970-01-01
SilentSwag,1970-01-01
Sillie Willie,1970-01-01
Sillintor,1970-01-01
Silver,1997-10-14
Silver Spoon,1970-01-01
Sim-Max,1994-06-11
Simna ibn Sind,1970-01-01
Sin,1970-01-01
Sinbad,1970-01-01
Sinflower,1970-01-01
Sinji,1993-02-04
Sinnyboo242,1970-01-01
Sintro,1998-07-15
Sion,1970-01-01
Sirjon,1970-01-01
Sirmeris,1970-01-01
Sixx,1970-01-01
SkWiirrel,1970-01-01
Skarfelt,1996-02-10
Skerzo,1970-01-01
Skilly,1970-01-01
Skips,1970-01-01
Skorpio,1970-01-01
Sky,1970-01-01
Skyfire,1970-01-01
Skyjay,1970-01-01
Slayer,1970-01-01
SlayerZ,1970-01-01
Slayonetta,1970-01-01
Slhoka,1970-01-01
Slime,1990-04-30
Slowking,1970-01-01
Slox,1993-06-15
SluG,1970-01-01
Sluggard,1970-01-01
SmallHandsBrian,1970-01-01
Smarted,1970-01-01
SmashBob SquarePants,1970-01-01
Smash_Falco3,1970-01-01
Smashdaddy,1970-01-01
Smokey Bluntz,1970-01-01
Smokk,2001-04-10
Snap,1970-01-01
Sneez,1970-01-01
Snorlax,1970-01-01
Snormanda,1970-01-01
Snow,1970-01-01
Snowy,1970-01-01
So-ten,1970-01-01
Soar,2002-06-08
Sobameshi,1970-01-01
Sock,2002-04-04
Sodrek,1970-01-01
Sol,1989-09-17
Solobattle,1970-01-01
Some,1970-01-01
Somo,1970-01-01
Son2,1970-01-01
SonED,1970-01-01
SonX,1970-01-01
Songn,1970-01-01
Sonido,1970-01-01
Sonix,1970-01-01
Sonjo,1970-01-01
Soonsay,1970-01-01
Sora,1970-01-01
Sosa,1995-05-22
Sosuk,1970-01-01
Sothe,1996-08-17
SotoH,1970-01-01
Soulimar,1970-01-01
Sp1nda,2001-09-18
Space,1997-11-21
SpamCop,1970-01-01
Sparg0,1970-01-01
Spark,1970-01-01
Spongy,1970-01-01
Spud,1970-01-01
Spy,1970-01-01
Squeachu,2002-11-15
Squid,1970-01-01
Sriks,1970-01-01
Stango,1970-01-01
Star King,1970-01-01
Steff$,1970-01-01
StereoKiDD,1970-01-01
Stevie G,1970-01-01
Stijn,1970-01-01
Stivo,1970-01-01
Stocktaker69,1970-01-01
Stomach Flu,1970-01-01
StorMyu,1989-03-22
Storm,1970-01-01
Stradon,1970-01-01
Stranded,1970-01-01
Stranger,1970-01-01
Strawhat Dahean,1970-01-01
StriCNYN3,1970-01-01
Strike,1970-01-01
Stroder,2001-02-12
Strong Bad,1970-01-01
SuPeRbOoMfAn,1990-05-08
Suar,1970-01-01
Suarez,1994-04-10
Sugydye,1970-01-01
Suinoko,1970-01-01
Sunn,1970-01-01
Suntherion,1970-01-01
Supahsemmie,1998-12-30
Super Dan,1970-01-01
SuperCuak,1970-01-01
SuperGirlKels,1995-05-20
SuperStriker,1970-01-01
Supercat Meow,1970-01-01
Supergoomba,1970-01-01
Surfero,1970-01-01
Sverre,1970-01-01
Swankiwi,1996-04-29
Swedish Delight,1994-07-08
SweetT,1970-01-01
Swiftbass,1987-04-12
Swish,1970-01-01
Swiss,1970-01-01
Switch,1996-08-30
Swordgard,1970-01-01
Sylarius,1970-01-01
SypherPhoenix,1970-01-01
Syrox,1998-08-12
Syrup,1970-01-01
T,1998-03-30
TDX,1970-01-01
THE GWIF,1970-01-01
THUNDER,1970-01-01
TKM,1970-01-01
TKbreezy,1989-07-27
TLTC,1988-06-22
Tafokints,1988-09-12
Tag,1970-01-01
Tag,1996-09-27
Tai,1993-09-12
Taiheita,1970-01-01
Taikei,1970-01-01
Taimai,1970-01-01
Taj,1987-02-27
Take,1970-01-01
Takeo,1970-01-01
Takuro~.,1970-01-01
Tamushika,1970-01-01
Tanark,1998-11-07
Tang,1970-01-01
"Tanzanyte, The Awakener",1970-01-01
Tapioka,1970-01-01
Tarik,2002-10-15
Taternator,1996-08-13
Tatsuman,1970-01-01
Tatsutsuyo,1970-01-01
Tatuman,1994-07-27
Tavi,1970-01-01
Tavomono,1970-01-01
Tea,1970-01-01
Tealz,1970-01-01
Tearbear,1970-01-01
Teb,1970-01-01
TechDeath,1970-01-01
Teczero,1970-01-01
TeeJ,1970-01-01
Tekk,1994-09-04
Tempo,1970-01-01
Terrarian,1970-01-01
The Cheat,1970-01-01
The Dark Gentleman,1970-01-01
The Great Gonzales,1998-01-23
The Lake,1989-01-09
The Leaf,1970-01-01
The Protagonist,1970-01-01
The Z,1970-01-01
TheCrimsonBlur,1990-09-11
TheMightyDialga,1970-01-01
TheRealThing,1970-01-01
TheReflexWonder,1990-05-29
TheSWOOPER,1997-09-09
Thomas,1970-01-01
Thumbs,1970-01-01
ThundeRzReiGN,1998-03-03
Thunder,1970-01-01
ThymeBalloon,1970-01-01
Tian,1970-01-01
Tickle,1995-08-14
Tilde,1970-01-01
TimeMuffinPHD,1970-01-01
Timi,1970-01-01
Tink,1988-02-27
Tinker,1970-01-01
Tiramisu,1970-01-01
Tito,1970-01-01
Toast,1970-01-01
ToffeeCG,1970-01-01
Tokiwa,1970-01-01
TomBoComBo,1970-01-01
Tomber,1970-01-01
Tomenimo,1970-01-01
Tomie,1970-01-01
Tomo,1970-01-01
TonyClackos,1970-01-01
TonyZTank,1970-01-01
Top Player Yasu,1970-01-01
Tope,1970-01-01
Toph,1989-04-06
Toronto Joe,1992-06-24
Toroori,1970-01-01
Torynk,1970-01-01
Touffe,1970-01-01
Toura,1970-01-01
Tra$h Koopa God,2001-12-19
TraX,1970-01-01
Trail,1970-01-01
Tranimal,1995-01-08
Traplord,1970-01-01
Travioli,1970-01-01
Trela,1994-04-30
Trif,1993-07-07
Triple R,1988-09-06
TripleAAA,1970-01-01
Trix,1970-01-01
Tropped,1970-01-01
Tru4,1970-01-01
Trucker Hat,1970-01-01
True Blue,1970-01-01
Trulliam,1970-01-01
Tsu,1970-01-01
Tsukuru BOY,1970-01-01
Tsumusuto,1970-01-01
Tsuna,1993-02-22
Tsuna,1970-01-01
Tuca,1970-01-01
Tuitt,1970-01-01
Twi,1970-01-01
Twin,1970-01-01
Twisty,1996-01-17
Twitch,1970-01-01
Twotran,1970-01-01
Tycho,1970-01-01
Tylenol,1970-01-01
Tyler Swift,1970-01-01
UR2SLOW,1970-01-01
UUAA,1970-01-01
Umarth,1970-01-01
Umeki,1970-01-01
UnHaven,1970-01-01
Uncivil ninja,1970-01-01
Underscores,1996-03-12
Unsure,1970-01-01
Usleon,1970-01-01
Uto,1970-01-01
UtopianRay,1997-07-30
Utto,1970-01-01
V-Dogg,1970-01-01
V115,1986-09-23
V3ctorman,1970-01-01
VaLoR,1970-01-01
Valdo,1970-01-01
Vanity Angel,1989-02-24
Vari,1970-01-01
Vash,1993-05-12
Vavez,1970-01-01
VeK,1999-02-06
Velani,1970-01-01
Venia,1970-01-01
Venom,1970-01-01
Venom,1970-01-01
Vercetty,1970-01-01
Verdant,1970-01-01
Vex Kasrani,1970-01-01
Vidad,1970-01-01
Vidjogamer,1970-01-01
Vies,1970-01-01
VikkiKitty,1996-04-06
Vilxs,1970-01-01
VinS,1990-06-30
Vincessant,1970-01-01
Vinnie,1993-02-08
Vinny G,1970-01-01
Vino,1970-01-01
Vinodh,1970-01-01
Vintage,1970-01-01
Vintendo,1970-01-01
Vinz,1970-01-01
Violence,1970-01-01
Viral,1970-01-01
Virum,1995-04-24
Vish,1990-03-15
Vist,1970-01-01
Vitch,1997-12-09
Vito,1970-01-01
Vivi,1970-01-01
Vliegende Snor,1970-01-01
Vlory,1970-01-01
VoiD,1996-08-15
Voo,1970-01-01
Vreyvus,1970-01-01
Vro,1970-01-01
Vudujin,1970-01-01
Vwins,1970-01-01
WDBTHtGP,1970-01-01
WRECK-IT MUNDO,1997-07-24
WTS,1970-01-01
WaDi,1996-02-05
WaKa,1970-01-01
Wal00gi,1970-01-01
Wally,1970-01-01
Wangera,1970-01-01
Wari,1970-01-01
Warwick Foe,1970-01-01
Wassabi,1970-01-01
Watch,1970-01-01
Wavebringer,1970-01-01
Waveguider,1994-06-29
Way,1970-01-01
Waymas,1988-08-18
WebbJP,1970-01-01
Webs,1970-01-01
Weedwack,1970-01-01
Weilin,1970-01-01
Welfare Pickles,1970-01-01
Wenbobular,1970-01-01
Weon-X,1970-01-01
Wes,1970-01-01
Westballz,1991-12-08
Weston,1970-01-01
Wevans,1970-01-01
Wfycat,1970-01-01
WhYYZ,1991-04-22
Whiskers,1970-01-01
Whispy,1970-01-01
Whoophee,1997-09-21
WiLD,1970-01-01
Widl,1970-01-01
Wife,1970-01-01
WiiASE,1996-09-18
Will Pickles,1970-01-01
Willyyy,1970-01-01
Willz,1970-01-01
Wisdom,1970-01-01
Wishes,2001-09-12
Wizzrobe,1998-01-10
Wobbles,1987-07-20
Wolfen,1970-01-01
Woli,1988-11-16
WonderBread,1970-01-01
Wonf,1992-07-21
Wookiee,1970-01-01
Wormynugget,1970-01-01
Wyld,1970-01-01
X1,1993-05-12
XIF,1970-01-01
XIFL,2002-09-06
XIII,1970-01-01
XYK,1993-02-09
Xaltis,1991-11-08
Xardov,1970-01-01
Xcal,1970-01-01
XenoM,1970-01-01
XiaoMing,1970-01-01
Xin,1970-01-01
Xtreme,1970-01-01
Xzax,1970-01-01
YARK,1970-01-01
YB,1970-01-01
YBOMBB,1970-01-01
Yakal,1970-01-01
Yakara,1970-01-01
Yamanyon,1970-01-01
Yannwatts,1970-01-01
Yardsale,1970-01-01
Yata!,1970-01-01
Yatta,1970-01-01
Yei,1970-01-01
Yetey,1970-01-01
Yez,1970-01-01
Yiazmat Goth,1970-01-01
Yikarur,1970-01-01
Yingling,1970-01-01
Yiyo,1970-01-01
Yobolight,1970-01-01
Yoda Cage,1970-01-01
Yogui,1991-10-08
Yogurt,1970-01-01
Yoh,1970-01-01
Yonni,1970-01-01
Yono,1970-01-01
Yoomoo,1970-01-01
Yooo,1970-01-01
Yort,1970-01-01
Yoshidora,1970-01-01
You3,1970-01-01
Young Eevey,1970-01-01
YoungBasedLord,1970-01-01
Yoyo,1970-01-01
Yu,1970-01-01
Yui,1970-01-01
Yung Quaff,1970-01-01
Yunque,1970-01-01
Yura,1970-01-01
Yuyin,1970-01-01
Z,1970-01-01
ZCK,1970-01-01
ZD,2000-07-30
ZHT,1997-07-03
Zack Fair,1970-01-01
Zackray,2002-03-12
Zain,1996-06-11
Zamu,1970-01-01
Zan,1970-01-01
ZanT,1970-01-01
Zane,1970-01-01
Zanguzen,1970-01-01
Zantetsu,1970-01-01
ZartZu,1994-11-12
Zasa,1970-01-01
ZeRo,1995-04-17
Zealot,1970-01-01
Zealous5000,1994-08-30
Zeldafreak,1970-01-01
Zenokids,1970-01-01
Zenyou,1994-12-06
Zeo,1970-01-01
Zephyr,1970-01-01
Zera,1970-01-01
Zero,1970-01-01
ZeroTwoNone,1970-01-01
Zeton,1970-01-01
Zex,1992-07-02
Zgetto,1988-11-20
Zhime,1970-01-01
Zhu,1990-05-24
Zinoto,1993-07-13
Zohup,1991-06-06
Zoler,1970-01-01
Zoma,1970-01-01
Zomba,2005-11-05
Zone,1970-01-01
Zorc,1970-01-01
Zoso,1970-01-01
Zucco,1992-06-23
Zudenka,1970-01-01
Zuppy,1970-01-01
aMSa,1991-10-27
abbearv,2003-06-16
akir,1970-01-01
altan,1970-01-01
baka4moe,1970-01-01
balloon,1970-01-01
bambi,1970-01-01
big_mak,1970-01-01
billybopeep,1970-01-01
bobby big ballz,1970-01-01
bonfire10,1970-01-01
bonobono,1970-01-01
bsquared,1970-01-01
caioicy,1970-01-01
chesterr01,1986-08-02
codeman,1970-01-01
cyve,1993-07-22
dansdaman,1970-01-01
dede,1990-07-21
deft,1970-01-01
dekillsage,1993-03-21
derek,1970-01-01
dizzkidboogie,1987-11-16
dkuo,1970-01-01
dronin,1970-01-01
duck,1970-01-01
dudutsai,1970-01-01
dvd,1970-01-01
emilywaves,1970-01-01
epengu,1970-01-01
firstbones,1970-01-01
forester,1970-01-01
gLory,1970-01-01
gaR,1970-01-01
ghettowarmachine420,1970-01-01
glock in my toyota,1970-01-01
gyaki,1970-01-01
hamyojo,1970-01-01
hipstur,1970-01-01
htwa,1970-01-01
huto,1970-01-01
hydra,1970-01-01
iBDW,1995-01-15
iModerz,1970-01-01
iPunchKidsz,1970-01-01
ikep,1970-01-01
ilovebagelz,1970-01-01
k y s k,1970-01-01
kensinn21,1970-01-01
kept,1970-01-01
king_chris,1970-01-01
kiw1,1970-01-01
kkp,1970-01-01
kodo,1970-01-01
komorikiri,1990-05-23
koukin,1970-01-01
lain,1970-01-01
lint,1995-04-20
lloD,1970-01-01
m3gav01t,1970-01-01
mZuzek,1970-01-01
maXy,1970-01-01
maha,1970-01-01
marcpq,1998-01-09
max,1970-01-01
mayb,1997-10-16
meipon,1970-01-01
metroid,1970-01-01
mjGrealy,1970-01-01
moky,1999-06-13
mordo,1970-01-01
moshy45,1970-01-01
moxi,2003-04-13
mucci,1997-06-11
muro,1970-01-01
n0ne,1970-01-01
nagaimo,1970-01-01
nao,1970-01-01
nebbii,1997-02-18
niyaty,1970-01-01
nothing,1970-01-01
null,1970-01-01
otek,1970-01-01
peki,1970-01-01
phL,1970-01-01
pheX,1970-01-01
pidgezero_one,1989-07-21
porc,1970-01-01
prof,1970-01-01
prog,1986-12-24
quiK,1991-07-22
raoul,1995-08-12
reaper,1970-01-01
rohan doge,1970-01-01
s-royal,1970-01-01
salami,1970-01-01
sekirei,1970-01-01
seo,1990-01-09
sextc,1970-01-01
shabo,1970-01-01
shake,1970-01-01
shizuku,1970-01-01
shky,1970-01-01
shuta,1970-01-01
sisqui,1999-09-11
skullbro,1970-01-01
smasher1001,1988-12-25
soccermom69,1970-01-01
squible,1970-01-01
stingers,1970-01-01
supa,1970-01-01
tacos,1970-01-01
taranito,1970-01-01
th0rn,1970-01-01
theWaz,1995-11-27
theunabletable,1970-01-01
thisNeko,1970-01-01
tk3,1970-01-01
tomo,1970-01-01
totally butts,1970-01-01
tyroy,1997-06-17
varun,1970-01-01
ven,1995-12-10
voff3,1970-01-01
vortex,1996-05-24
vyQ,1970-01-01
wario,1970-01-01
wusi,1970-01-01
xXBuntaiFan94000Xx,1970-01-01
ycz6,1970-01-01
yuzu,1970-01-01
zael,1999-12-21
zaki,1970-01-01
zetts,1970-01-01
~CP9~,1970-01-01
ΩRugal,1970-01-01
